Nombre,Apellido,NÃºmero de Celular,Profesor,Fecha y Hora
benjamin,ghiggo d,947489630,Carbonel,2024-12-09 22:26:49
diego,suarez velazques,989638111,Garro,2024-12-09 22:27:18
erik2,martineze,987456321,Peralta,2024-12-09 22:57:55
maria,lopez,945123654,Ramos,2024-12-09 23:01:20
juan,perez,987654321,Galvez,2024-12-09 23:05:45
carla,rojas,912345678,Erquizio,2024-12-09 23:10:15
andrea,torres,921345678,Carbonel,2024-12-09 23:15:30
felipe,garcia,932456789,Santillan,2024-12-09 23:20:40
sofia,hernandez,945678321,Llamoja,2024-12-09 23:25:55
miguel,fernandez,956789123,Garro,2024-12-09 23:30:10
paola,avila,965432198,Ramos,2024-12-09 23:35:25
luis,gonzales,976543210,Peralta,2024-12-09 23:40:50
camila,prieto,987654320,Galvez,2024-12-09 23:45:05
sebastian,navarro,998765432,Erquizio,2024-12-09 23:50:15
daniela,morales,987654321,Santillan,2024-12-09 23:55:30
victor,marin,987654321,Llamoja,2024-12-09 23:59:59
